[{
  "_id": {
    "$oid": "5edb43c140b7d61d488adbe8"
  },
  "idShow": "POST-09E7EE",
  "tieuDe": "Các chương trình khuyến mãi tháng 6",
  "lowerTieuDe": "cac chuong trinh khuyen mai thang 6",
  "img": "https://firebasestorage.googleapis.com/v0/b/onlineselling2-9e8dd.appspot.com/o/images%2Fpost2.PNG?alt=media&token=010a0acb-187c-4148-b41f-04d07ea6e609",
  "luotXem": 14,
  "ngayTao": "2020-06-06T07:11:07.509Z",
  "content": "<img src=\"https://firebasestorage.googleapis.com/v0/b/onlineselling2-9e8dd.appspot.com/o/images%2Fbanner2.PNG?alt=media&amp;token=bafedfd6-3632-4c0a-883a-5318cb6bdad2\" alt=\"undefined\" width=\"100%\"><p><br></p><img src=\"https://firebasestorage.googleapis.com/v0/b/onlineselling2-9e8dd.appspot.com/o/images%2Fbanner1.PNG?alt=media&amp;token=a27fee23-9758-48e4-af89-ad5e5e4230df\" alt=\"undefined\" width=\"100%\"><p>Mừng mùa hè trở lại, TiemDo sẽ sale toàn bộ các mặt hàng phụ kiện điện tử.</p><p><br></p><p>Nhập code dưới đây để nhận ưu đãi</p><p><br></p><img src=\"https://firebasestorage.googleapis.com/v0/b/onlineselling2-9e8dd.appspot.com/o/images%2Fcode.PNG?alt=media&amp;token=e37fe4d1-7c3a-48d0-98f4-a731361423b7\" alt=\"undefined\" width=\"100%\"><p><br></p><p><br></p>",
  "isLock": false,
  "isDelete": false,
  "loaiBaiViet": 0,
  "idProducts": [
    "5ea48309db15f5105c18da3f",
    "5ec8e09e1124567df8fc8322",
    "5ea48700db15f5105c18da40",
    "5ea47cefdb15f5105c18da3b",
    "5ed78459db80af5a4c2ebb37",
    "5ed7e8ce653c7f86505e3103",
    "5ed7edb869beb1888c0bb3ce",
    "5ed7f02169beb1888c0bb3d2",
    "5ed7f2ea69beb1888c0bb3d7"
  ]
},{
  "_id": {
    "$oid": "5edb9bf0a42fca0df4cba684"
  },
  "idShow": "POST-633782",
  "tieuDe": "Hàng tốt - giá kho",
  "lowerTieuDe": "hang tot - gia kho",
  "img": "https://firebasestorage.googleapis.com/v0/b/onlineselling2-9e8dd.appspot.com/o/images%2Fpost3.PNG?alt=media&token=d20e1b8c-479f-4746-b1e6-4bbbb6db1264",
  "ngayTao": "2020-06-06T13:35:02.793Z",
  "loaiBaiViet": 0,
  "idProducts": [
    "5ed78459db80af5a4c2ebb37",
    "5ec8ffd946938440142eef38",
    "5ec8e50f1124567df8fc8326"
  ],
  "content": "<img src=\"https://firebasestorage.googleapis.com/v0/b/onlineselling2-9e8dd.appspot.com/o/images%2Fbanner3.PNG?alt=media&amp;token=822e695d-c720-4a1b-85cd-60ed3739f834\" alt=\"undefined\" width=\"100%\"><img src=\"https://firebasestorage.googleapis.com/v0/b/onlineselling2-9e8dd.appspot.com/o/images%2Fbanner33.PNG?alt=media&amp;token=7c16f33a-871a-4f4f-991d-b5826a556159\" alt=\"undefined\" width=\"100%\"><img src=\"https://firebasestorage.googleapis.com/v0/b/onlineselling2-9e8dd.appspot.com/o/images%2Fbanner333.PNG?alt=media&amp;token=0ab963e3-f43e-4648-89ef-882df378dafe\" alt=\"undefined\" width=\"100%\"><p><br></p>",
  "luotXem": 1,
  "isLock": false,
  "isDelete": false
},{
  "_id": {
    "$oid": "5edb9f3da42fca0df4cba685"
  },
  "idShow": "POST-5C66C5",
  "tieuDe": "CONVERSE VÀ CÂU CHUYỆN VINH DANH NHỮNG NHÂN VẬT HUYỀN THOẠI CỦA MÙA GIẢI NBA",
  "lowerTieuDe": "converse va cau chuyen vinh danh nhung nhan vat huyen thoai cua mua giai nba",
  "img": "https://firebasestorage.googleapis.com/v0/b/onlineselling2-9e8dd.appspot.com/o/images%2Fpost4.PNG?alt=media&token=0b45f627-41f9-498e-83b1-64ce65b8e9cd",
  "ngayTao": "2020-06-06T13:45:31.876Z",
  "loaiBaiViet": 1,
  "idProducts": [],
  "content": "<h1>CONVERSE VÀ CÂU CHUYỆN VINH DANH NHỮNG NHÂN VẬT HUYỀN THOẠI CỦA MÙA GIẢI NBA 222</h1><img src=\"https://firebasestorage.googleapis.com/v0/b/onlineselling2-9e8dd.appspot.com/o/images%2Fpost4.PNG?alt=media&amp;token=42f620e0-86d1-4672-ac95-cf69fc714f78\" alt=\"undefined\" width=\"100%\"><p><br></p><p>Vào 1950, Chuck Cooper, Nat Clifton và Earl Lloyd là những cái tên đã gỡ bỏ rào cản màu da ở sân chơi NBA và giúp giải đấu được nhìn nhận ở góc độ đa dạng hơn, tiến bộ hơn. 70 năm sau đó, Converse đã cho ra đời BST Converse Breaking Down Barries để vinh danh sự cống hiến có sức ảnh hưởng này đến những vận động viên huyền thoại Clifton, Cooper và Lloyd ngầm cảm tạ sự đóng góp của họ cho hiệp hội Bóng Rổ quốc tế và hơn thế nữa.</p><img src=\"https://firebasestorage.googleapis.com/v0/b/onlineselling2-9e8dd.appspot.com/o/images%2Fpost.PNG?alt=media&amp;token=65468194-c13b-4908-9e93-d37874d8b7f5\" alt=\"undefined\" width=\"100%\"><p><br></p><p><br></p><p>Charles “Chuck” Cooper đã phá bỏ rào cản về màu da khi tên của ông được xuất hiện trong hệ thống NBA Draft vào tháng 04,1950 khi đội bóng rổ Mỹ tiếng tăm Boston Celtics mời cái tên này cho hàng ngũ của mình. Cũng cùng thời điểm lúc ấy, vào ngày 31/10/1950, Lloyd trở thành vận động viên người Mỹ gốc Phi đầu tiên chơi cho giải NBA với màu áo của đội tuyển Washington Capitols.Tiếp nối điều này Clifton cũng chính thức là vận động viên người Mỹ gốc Phi đầu tiên sở hữu trong tay hợp đồng chính thức với NBA với đội New York Knickerbockers.</p><p><br></p><img src=\"https://firebasestorage.googleapis.com/v0/b/onlineselling2-9e8dd.appspot.com/o/images%2Fbanner44.PNG?alt=media&amp;token=a38d860c-6c03-4e1e-b8d1-36394efef8c4\" alt=\"undefined\" width=\"100%\"><p><br></p><p><br></p><p>Lịch sử về bóng rổ và nhiều thứ hơn thế nữa xung quanh bộ môn này rất đa dạng nên hiển nhiên vũ khí trên sân đấu của họ cũng không hề đơn giản về bề ngoài cũng như câu chuyện trong đó.Converse đã cho thiết kế trên 2 silhouette Chuck 70 và Pro Leather mục đích vừa bảo vệ tinh thần đôi “hoop shoes” danh giá của giới All Star nhưng vẫn biến tấu thời trang hơn với Chuck 70.</p><p><br></p><img src=\"https://firebasestorage.googleapis.com/v0/b/onlineselling2-9e8dd.appspot.com/o/images%2Fbanner444.PNG?alt=media&amp;token=442d65a8-df38-4115-98b8-da9cc0f6ae18\" alt=\"undefined\" width=\"100%\"><p><br></p><p><br></p><p>Ở Pro Leather, như được tái hiện lại từ nền tảng All Star Game một trong những đôi giày bóng rổ có lịch sử lâu đời nhất tính đến hiện tại và dày đặc văn hóa về bộ môn này thì chúng đều sở hữu chất liệu da cao cấp cùng 3 tone màu tôn vinh 3 màu áo của 3 đội như trên. Chi tiết NBA được biết đến như 1 thương hiệu được lồng ghép ở phía cổ giày thay vì ở vị trí lable của Converse như mọi khi. Upper được phủ màu trắng nguyên bản của da mềm cao cấp đã qua xử lý cùng logo Chevron được thêu 3D.</p><p><br></p><img src=\"https://firebasestorage.googleapis.com/v0/b/onlineselling2-9e8dd.appspot.com/o/images%2Fbanner4444.PNG?alt=media&amp;token=c6ade343-62da-4b80-b045-685b78f22567\" alt=\"undefined\" width=\"100%\"><p><br></p><p><br></p><p>Những bộ sản phẩm trên đều đã lên kệ tại hệ thống Converse VN từ 05.03.2020. Các bạn có thể tham khảo thông tin từng sản phẩm tại đây nhé:</p><p><a href=\"https://converse.com.vn/men/collection-1/pro-leather.html\" rel=\"noopener noreferrer\" target=\"_blank\">Link 1</a></p><p><br></p><p><a href=\"https://converse.com.vn/men/sneakers-1/chuck-taylor-all-star-1.html\" rel=\"noopener noreferrer\" target=\"_blank\">Link 2</a></p><p><br></p>",
  "luotXem": 9,
  "isLock": false,
  "isDelete": false
},{
  "_id": {
    "$oid": "5edca2468769cf3428f3c709"
  },
  "idShow": "POST-EEBB2B",
  "lowerTieuDe": "vans sk8 hi pro – dong giay cao cap danh cho cac ban tre ca tinh",
  "tieuDe": "Vans Sk8 Hi Pro – Dòng giày cao cấp dành cho các bạn trẻ cá tính",
  "img": "https://firebasestorage.googleapis.com/v0/b/onlineselling2-9e8dd.appspot.com/o/images%2Fasd.PNG?alt=media&token=3f27cc20-e35b-43ec-9740-b82bcde9af31",
  "ngayTao": "2020-06-07T08:11:49.503Z",
  "loaiBaiViet": 1,
  "idProducts": [],
  "content": "<h5><strong><em>Một trong những dòng giày kinh điển nhất của nhà Vans là Vans Sk8 Hi. Sau nhiều năm nghiên cứu và phát triển, Vans quyết định cho ra mắt dòng giày Vans Sk8 Hi Pro là phiên bản cao cấp hơn của Sk8 Hi. Từ những ngày đầu tiên xuất hiện trên thị trường, Vans Sk8 Hi Pro đã không ngừng “gây bão” nhờ chất lượng tuyệt vời đến từ công nghệ hiện đại và sở hữu những mẫu mã vô cùng độc đáo.</em></strong></h5><p><br></p><img src=\"https://firebasestorage.googleapis.com/v0/b/onlineselling2-9e8dd.appspot.com/o/images%2Fasd.PNG?alt=media&amp;token=d1855a3b-0e0e-4719-b732-1ce79d3b4b2b\" alt=\"undefined\" width=\"100%\"><h2><strong>Những thiết kế đầy thời trang và cá tính của Vans Sk8 Hi Pro</strong></h2><p>Được ra mắt lần đầu tiên vào năm 2019, Vans Sk8 Hi Pro x Baker nhanh chóng trở thành một “hiện tượng” trong giới streetwear.</p><img src=\"https://firebasestorage.googleapis.com/v0/b/onlineselling2-9e8dd.appspot.com/o/images%2Fasdasd.PNG?alt=media&amp;token=4ed364cc-e790-486b-830a-e3c53f7fce4a\" alt=\"undefined\" width=\"100%\"><p><br></p><p>Đôi giày này nằm trong BST của Vans collab cùng Andrew Reynolds – skater chuyên nghiệp đã sáng lập ra công ty kinh doanh ván trượt Baker Skateboards. Chính vì vậy, điều&nbsp;không thể chối cãi là thiết kế của đôi&nbsp;<a href=\"https://drake.vn/vans/vans-sk8-hi/vans-x-baker-sk8-hi-pro-vn0a45jdv0b\" rel=\"noopener noreferrer\" target=\"_blank\">Vans x Baker Sk8 Hi Pro</a>&nbsp;có vẻ ngoài đậm chất văn hóa đường phố.</p><img src=\"https://firebasestorage.googleapis.com/v0/b/onlineselling2-9e8dd.appspot.com/o/images%2Fasdasdasd.PNG?alt=media&amp;token=2cd5922a-4e61-4855-a73b-0a81c1259fc3\" alt=\"undefined\" width=\"100%\"><p>Nói riêng về phần thiết kế, bao phủ toàn bộ upper của giày là tên “Baker” chồng chất lên nhau theo phong cách graffiti. Điểm đặc biệt “ăn tiền” của đôi giày này là điểm nhấn dòng chữ “Giving skateboarding a bad name since 2000” được in ở phần viền đế. Đây là slogan huyền thoại của thương hiệu Baker và đã xuất hiện rất nhiều trên các bức tường graffiti độc đáo – nơi tụ tập quen thuộc của các skater.</p>",
  "luotXem": 5,
  "isLock": false,
  "isDelete": false
}]