[{
  "_id": {
    "$oid": "5ee136c0edfb450c54d8c4b0"
  },
  "idShow": "ORDDE-C653B3",
  "ten": "Máy Xay Thịt Philips HR1393 (0.7L) - Hàng chính hãng",
  "giaCuoiCung": 719200,
  "giamGia": 0,
  "thanhTien": 1438400,
  "soLuong": 2,
  "mauSac": "Đen",
  "size": "",
  "img": "https://firebasestorage.googleapis.com/v0/b/onlineselling2-9e8dd.appspot.com/o/images%2Fmayxaythitchinh.PNG?alt=media&token=97f9db71-dcd7-43d1-8d46-5fdd6110ee4e",
  "ngayTao": {
    "$date": "2020-06-10T19:38:30.543Z"
  },
  "ngayHoanThanh": {
    "$date": "2020-06-10T20:19:08.975Z"
  },
  "idShop": "SHOP-D156AB",
  "idUser": "5e9ab836699ae60b147a2822",
  "idOrder": "ORDER-06E7D0",
  "trangThai": 4,
  "ghiChu": ""
},{
  "_id": {
    "$oid": "5ee137c9f70ae5345cdaf963"
  },
  "idShow": "ORDDE-1BAB16",
  "ten": "Loa Bluetooth LG XBOOM Go PK3 16W - Hàng Chính Hãng",
  "giaCuoiCung": 558000,
  "giamGia": 0,
  "thanhTien": 558000,
  "soLuong": 1,
  "mauSac": "",
  "size": "",
  "img": "https://firebasestorage.googleapis.com/v0/b/onlineselling2-9e8dd.appspot.com/o/images%2Fanhchinhloalg.PNG?alt=media&token=dc4da7c7-3f55-43cb-b367-4dda47a1d023",
  "ngayTao": {
    "$date": "2020-06-10T19:43:04.078Z"
  },
  "ngayHoanThanh": {
    "$date": "2020-06-10T19:43:30.899Z"
  },
  "idShop": "SHOP-ADDFFS",
  "idUser": "5ebcf703cacdde1d8caeb469",
  "idOrder": "ORDER-32ED7A",
  "trangThai": 4,
  "ghiChu": ""
},{
  "_id": {
    "$oid": "5ee896c205fc7b4c382f5a33"
  },
  "idShow": "ORDDE-402884",
  "ten": "Điện Thoại Samsung Galaxy A51 (128GB/6GB) - Hàng Chính Hãng - Đã Kích Hoạt Bảo Hành Điện Tử",
  "giaCuoiCung": 5992500,
  "giamGia": 2397000,
  "thanhTien": 9588000,
  "soLuong": 2,
  "mauSac": "",
  "size": "",
  "img": "https://firebasestorage.googleapis.com/v0/b/onlineselling2-9e8dd.appspot.com/o/images%2Fsamsungchinh.PNG?alt=media&token=56a5b50a-5bd2-4aad-9f30-11f276c7631f",
  "ngayTao": {
    "$date": "2020-06-16T09:53:24.444Z"
  },
  "ngayHoanThanh": {
    "$date": "2020-06-16T09:59:16.117Z"
  },
  "idShop": "SHOP-ADDFFS",
  "idUser": "5eddb2c8392cad4a88bc2e74",
  "idOrder": "ORDER-54A178",
  "trangThai": 5,
  "ghiChu": "Hết hàng"
},{
  "_id": {
    "$oid": "5ee8970705fc7b4c382f5a3b"
  },
  "idShow": "ORDDE-9247A1",
  "ten": "Điện Thoại iPhone 11 Pro Max 64GB - Hàng Chính Hãng",
  "giaCuoiCung": 28891500,
  "giamGia": 5778300,
  "thanhTien": 23113200,
  "soLuong": 1,
  "mauSac": "Xanh rêu",
  "size": "",
  "img": "https://firebasestorage.googleapis.com/v0/b/onlineselling2-9e8dd.appspot.com/o/images%2Fiphone11chinh.PNG?alt=media&token=fa4c50ea-b5f9-4df1-9309-093b95809ac0",
  "ngayTao": {
    "$date": "2020-06-16T09:55:12.151Z"
  },
  "ngayHoanThanh": {
    "$date": {
      "$numberLong": "-2206336000000"
    }
  },
  "idShop": "SHOP-ADDFFS",
  "idUser": "5eddb2c8392cad4a88bc2e74",
  "idOrder": "ORDER-A20A0A",
  "trangThai": 1,
  "ghiChu": ""
},{
  "_id": {
    "$oid": "5ee8977005fc7b4c382f5a43"
  },
  "idShow": "ORDDE-5B5C6A",
  "ten": "Quần Short Ford Nữ GHP-GARMENT GHP0001",
  "giaCuoiCung": 135000,
  "giamGia": 0,
  "thanhTien": 540000,
  "soLuong": 4,
  "mauSac": "Vàng",
  "size": "L",
  "img": "https://salt.tikicdn.com/cache/w780/ts/product/e8/0a/76/b239a51dfcbc7aaf915816d9b7477df2.jpg",
  "ngayTao": {
    "$date": "2020-06-16T09:57:01.477Z"
  },
  "ngayHoanThanh": {
    "$date": {
      "$numberLong": "-2206336000000"
    }
  },
  "idShop": "SHOP-ADDFFS",
  "idUser": "5eddb2c8392cad4a88bc2e74",
  "idOrder": "ORDER-ED699F",
  "trangThai": 1,
  "ghiChu": ""
},{
  "_id": {
    "$oid": "5ee8977005fc7b4c382f5a4a"
  },
  "idShow": "ORDDE-E5D4DA",
  "ten": "Quần Short Ford Nữ GHP-GARMENT GHP0001",
  "giaCuoiCung": 135000,
  "giamGia": 0,
  "thanhTien": 540000,
  "soLuong": 4,
  "mauSac": "Đỏ",
  "size": "L",
  "img": "https://salt.tikicdn.com/cache/w780/ts/product/e8/0a/76/b239a51dfcbc7aaf915816d9b7477df2.jpg",
  "ngayTao": {
    "$date": "2020-06-16T09:57:01.477Z"
  },
  "ngayHoanThanh": {
    "$date": {
      "$numberLong": "-2206336000000"
    }
  },
  "idShop": "SHOP-ADDFFS",
  "idUser": "5eddb2c8392cad4a88bc2e74",
  "idOrder": "ORDER-ED699F",
  "trangThai": 1,
  "ghiChu": ""
},{
  "_id": {
    "$oid": "5eecd706ffce8524909b2449"
  },
  "idShow": "ORDDE-09E8B0",
  "ten": "Điện Thoại iPhone 11 64GB - Hàng Chính Hãng",
  "giaCuoiCung": 20010900,
  "giamGia": 0,
  "thanhTien": 60032700,
  "soLuong": 3,
  "mauSac": "Tím",
  "size": "",
  "img": "https://firebasestorage.googleapis.com/v0/b/onlineselling2-9e8dd.appspot.com/o/images%2Fiphone112chinh.PNG?alt=media&token=d0e64b52-363d-438e-880e-89d3eb9c41ca",
  "ngayTao": {
    "$date": "2020-06-19T15:16:34.510Z"
  },
  "ngayHoanThanh": {
    "$date": {
      "$numberLong": "-2206336000000"
    }
  },
  "idShop": "SHOP-ADDFFS",
  "idUser": "5e9ab836699ae60b147a2822",
  "idOrder": "ORDER-13BE59",
  "trangThai": 0,
  "ghiChu": ""
}]