[{
  "_id": {
    "$oid": "5e981fe023f9944a9c8a5dbc"
  },
  "idShow": "CATEP-HDJKDL",
  "ten": "Thời Trang - Phụ Kiện",
  "lowerTen": "thoi trang - phu kien",
  "icon": "fa fa-male",
  "ngayTao": {
    "$date": "2020-04-22T17:00:00Z"
  },
  "isLock": false,
  "isDelete": false
},{
  "_id": {
    "$oid": "5e9823e723f9944a9c8a5dbd"
  },
  "idShow": "CATEP-LKHHDH",
  "ten": "Điện Thoại - Máy Tính Bảng",
  "lowerTen": "dien thoai - may tinh bang",
  "icon": "fa fa-mobile",
  "ngayTao": {
    "$date": "2020-04-22T17:00:00Z"
  },
  "isLock": false,
  "isDelete": false
},{
  "_id": {
    "$oid": "5e9854d923f9944a9c8a5dbe"
  },
  "idShow": "CATEP-KJHMNB",
  "ten": "Điện Gia Dụng",
  "lowerTen": "dien gia dung",
  "icon": "fa fa-microchip",
  "ngayTao": {
    "$date": "2020-04-22T17:00:00Z"
  },
  "isLock": false,
  "isDelete": false
},{
  "_id": {
    "$oid": "5e98553923f9944a9c8a5dbf"
  },
  "idShow": "CATEP-JHGCVB",
  "ten": "Laptop - Thiết Bị IT",
  "lowerTen": "laptop - thiet bi it",
  "icon": "fa fa-headphones",
  "ngayTao": {
    "$date": "2020-04-22T17:00:00Z"
  },
  "isLock": false,
  "isDelete": false
},{
  "_id": {
    "$oid": "5e98558923f9944a9c8a5dc0"
  },
  "idShow": "CATEP-YUISFD",
  "ten": "Máy Ảnh - Quay Phim",
  "lowerTen": "may anh - quay phim",
  "icon": "fas fa-camera",
  "ngayTao": {
    "$date": "2020-04-22T17:00:00Z"
  },
  "isLock": false,
  "isDelete": false
},{
  "_id": {
    "$oid": "5ea14e19a77f3c29c4124647"
  },
  "idShow": "CATE-9811E5",
  "ten": "Áo",
  "lowerTen": "ao",
  "icon": "fa fa-male",
  "ngayTao": {
    "$date": "2020-04-23T08:13:13.614Z"
  },
  "isLock": false,
  "isDelete": true
},{
  "_id": {
    "$oid": "5ea14e9ca77f3c29c4124648"
  },
  "idShow": "CATE-F50482",
  "ten": "Quần nữ",
  "lowerTen": "quan nu",
  "icon": "",
  "ngayTao": {
    "$date": "2020-04-23T08:15:24.247Z"
  },
  "isLock": true,
  "isDelete": false
},{
  "_id": {
    "$oid": "5ea3c3b2732b94643482550d"
  },
  "idShow": "CATE-1AB5EA",
  "ten": "Giày",
  "lowerTen": "giay",
  "icon": "fa fa-male",
  "ngayTao": {
    "$date": "2020-04-25T04:59:30.783Z"
  },
  "isLock": true,
  "isDelete": false
},{
  "_id": {
    "$oid": "5ec8d97a3d8f9e78b0a868f7"
  },
  "idShow": "CATE-9CB302",
  "ten": "Thiết Bị Âm Thanh",
  "lowerTen": "thiet bi am thanh",
  "icon": "",
  "ngayTao": {
    "$date": "2020-05-23T08:06:18.237Z"
  },
  "isLock": true,
  "isDelete": false
},{
  "_id": {
    "$oid": "5ec8d98c3d8f9e78b0a868f8"
  },
  "idShow": "CATE-0219CA",
  "ten": "Tai Nghe",
  "lowerTen": "tai nghe",
  "icon": "",
  "ngayTao": {
    "$date": "2020-05-23T08:06:36.941Z"
  },
  "isLock": true,
  "isDelete": false
},{
  "_id": {
    "$oid": "5ec8d9ac3d8f9e78b0a868f9"
  },
  "idShow": "CATE-2F26B6",
  "ten": "Loa Bluetooth",
  "lowerTen": "loa bluetooth",
  "icon": "",
  "ngayTao": {
    "$date": "2020-05-23T08:07:08.091Z"
  },
  "isLock": true,
  "isDelete": false
},{
  "_id": {
    "$oid": "5ec8da233d8f9e78b0a868fa"
  },
  "idShow": "CATE-03AC0B",
  "ten": "Chuột Có Dây",
  "lowerTen": "chuot co day",
  "icon": "",
  "ngayTao": {
    "$date": "2020-05-23T08:09:07.172Z"
  },
  "isLock": true,
  "isDelete": false
},{
  "_id": {
    "$oid": "5ec8da2a3d8f9e78b0a868fb"
  },
  "idShow": "CATE-417825",
  "ten": "Chuột Không Dây",
  "lowerTen": "chuot khong day",
  "icon": "",
  "ngayTao": {
    "$date": "2020-05-23T08:09:14.122Z"
  },
  "isLock": true,
  "isDelete": false
},{
  "_id": {
    "$oid": "5ec8da4a3d8f9e78b0a868fc"
  },
  "idShow": "CATE-8C488E",
  "ten": "Đồng Hồ Thông Minh",
  "lowerTen": "dong ho thong minh",
  "icon": "",
  "ngayTao": {
    "$date": "2020-05-23T08:09:46.216Z"
  },
  "isLock": true,
  "isDelete": false
},{
  "_id": {
    "$oid": "5ec8da853d8f9e78b0a868fd"
  },
  "idShow": "CATE-E5FB5E",
  "ten": "Thiết Bị Chơi Game",
  "lowerTen": "thiet bi choi game",
  "icon": "",
  "ngayTao": {
    "$date": "2020-05-23T08:10:45.121Z"
  },
  "isLock": true,
  "isDelete": false
},{
  "_id": {
    "$oid": "5ec8da8b3d8f9e78b0a868fe"
  },
  "idShow": "CATE-D75995",
  "ten": "Tay Bấm Game",
  "lowerTen": "tay bam game",
  "icon": "",
  "ngayTao": {
    "$date": "2020-05-23T08:10:51.854Z"
  },
  "isLock": true,
  "isDelete": false
},{
  "_id": {
    "$oid": "5ec8daa53d8f9e78b0a868ff"
  },
  "idShow": "CATE-DC8B74",
  "ten": "Đĩa Game",
  "lowerTen": "dia game",
  "icon": "",
  "ngayTao": {
    "$date": "2020-05-23T08:11:17.109Z"
  },
  "isLock": true,
  "isDelete": false
},{
  "_id": {
    "$oid": "5ec8dac43d8f9e78b0a86900"
  },
  "idShow": "CATE-DB0CBD",
  "ten": "Dây Sạc - Dây Cáp",
  "lowerTen": "day sac - day cap",
  "icon": "",
  "ngayTao": {
    "$date": "2020-05-23T08:11:48.258Z"
  },
  "isLock": true,
  "isDelete": false
},{
  "_id": {
    "$oid": "5ec8db113d8f9e78b0a86901"
  },
  "idShow": "CATE-377A88",
  "ten": "Bàn Phím",
  "lowerTen": "ban phim",
  "icon": "",
  "ngayTao": {
    "$date": "2020-05-23T08:13:05.852Z"
  },
  "isLock": true,
  "isDelete": false
},{
  "_id": {
    "$oid": "5ed7eb5769beb1888c0bb3c9"
  },
  "idShow": "CATE-5ADCA1",
  "ten": "Điện thoại Iphone",
  "lowerTen": "dien thoai iphone",
  "icon": "",
  "ngayTao": {
    "$date": "2020-06-03T18:26:31.988Z"
  },
  "isLock": true,
  "isDelete": false
},{
  "_id": {
    "$oid": "5ed7eb6169beb1888c0bb3ca"
  },
  "idShow": "CATE-55FD77",
  "ten": "Điện thoại SamSung",
  "lowerTen": "dien thoai samsung",
  "icon": "",
  "ngayTao": {
    "$date": "2020-06-03T18:26:41.003Z"
  },
  "isLock": true,
  "isDelete": false
},{
  "_id": {
    "$oid": "5ed7eb6e69beb1888c0bb3cb"
  },
  "idShow": "CATE-5380B8",
  "ten": "Điện thoại thông minh",
  "lowerTen": "dien thoai thong minh",
  "icon": "",
  "ngayTao": {
    "$date": "2020-06-03T18:26:54.830Z"
  },
  "isLock": true,
  "isDelete": false
},{
  "_id": {
    "$oid": "5ed7eb7b69beb1888c0bb3cc"
  },
  "idShow": "CATE-3B3C9D",
  "ten": "Điện thoại ASUS",
  "lowerTen": "dien thoai asus",
  "icon": "",
  "ngayTao": {
    "$date": "2020-06-03T18:27:07.888Z"
  },
  "isLock": true,
  "isDelete": false
},{
  "_id": {
    "$oid": "5ed7eb8769beb1888c0bb3cd"
  },
  "idShow": "CATE-E87428",
  "ten": "Điện thoại Xiaomi",
  "lowerTen": "dien thoai xiaomi",
  "icon": "",
  "ngayTao": {
    "$date": "2020-06-03T18:27:19.233Z"
  },
  "isLock": true,
  "isDelete": false
},{
  "_id": {
    "$oid": "5eecdf87ffce8524909b244a"
  },
  "idShow": "CATE-893275",
  "ten": "Điện Tử - Điện Lạnh",
  "lowerTen": "dien tu - dien lanh",
  "icon": "",
  "ngayTao": {
    "$date": "2020-06-19T15:53:43.456Z"
  },
  "isLock": true,
  "isDelete": false
},{
  "_id": {
    "$oid": "5eecdfa0ffce8524909b244b"
  },
  "idShow": "CATE-886BCD",
  "ten": "Máy Lạnh - Máy Điều Hòa",
  "lowerTen": "may lanh - may dieu hoa",
  "icon": "",
  "ngayTao": {
    "$date": "2020-06-19T15:54:08.465Z"
  },
  "isLock": true,
  "isDelete": false
}]