[{
  "_id": {
    "$oid": "5ee136c0edfb450c54d8c4a9"
  },
  "idShow": "ORDER-06E7D0",
  "thongTinNguoiMua": {
    "ten": "Phúc Huy",
    "lowerTen": "phuc huy",
    "sdt": "0938837399",
    "diaChi": "4 đường số 2, phường Bình Lợi, Bình Chánh, Hồ Chí Minh"
  },
  "tongTien": 1438400,
  "soLuongSanPham": 2,
  "hinhThucThanhToan": 0,
  "ngayTao": {
    "$date": "2020-06-10T19:38:30.543Z"
  },
  "idUser": "5e9ab836699ae60b147a2822",
  "idVoucher": "undefined"
},{
  "_id": {
    "$oid": "5ee137c9f70ae5345cdaf95c"
  },
  "idShow": "ORDER-32ED7A",
  "thongTinNguoiMua": {
    "ten": "Mít",
    "lowerTen": "mit",
    "sdt": "0938883733",
    "diaChi": "44 âu cơ, phường Bình Khánh, Cần Giờ, Hồ Chí Minh"
  },
  "tongTien": 558000,
  "soLuongSanPham": 1,
  "hinhThucThanhToan": 0,
  "ngayTao": {
    "$date": "2020-06-10T19:43:04.078Z"
  },
  "idUser": "5ebcf703cacdde1d8caeb469",
  "idVoucher": "undefined"
},{
  "_id": {
    "$oid": "5ee896c205fc7b4c382f5a2c"
  },
  "idShow": "ORDER-54A178",
  "thongTinNguoiMua": {
    "ten": "huy",
    "lowerTen": "huy",
    "sdt": "0948883772",
    "diaChi": "44 âu cơ, phường 13, Bình Thạnh, Hồ Chí Minh"
  },
  "tongTien": 11985000,
  "soLuongSanPham": 2,
  "hinhThucThanhToan": 1,
  "ngayTao": {
    "$date": "2020-06-16T09:53:24.444Z"
  },
  "idUser": "5eddb2c8392cad4a88bc2e74",
  "idVoucher": "SUMMER-2020"
},{
  "_id": {
    "$oid": "5ee8970705fc7b4c382f5a34"
  },
  "idShow": "ORDER-A20A0A",
  "thongTinNguoiMua": {
    "ten": "huy",
    "lowerTen": "huy",
    "sdt": "0988776555",
    "diaChi": "44 âu cơ, phường An Phú Tây, Bình Chánh, Hồ Chí Minh"
  },
  "tongTien": 28891500,
  "soLuongSanPham": 1,
  "hinhThucThanhToan": 0,
  "ngayTao": {
    "$date": "2020-06-16T09:55:12.151Z"
  },
  "idUser": "5eddb2c8392cad4a88bc2e74",
  "idVoucher": "SUMMER-2020"
},{
  "_id": {
    "$oid": "5ee8977005fc7b4c382f5a3c"
  },
  "idShow": "ORDER-ED699F",
  "thongTinNguoiMua": {
    "ten": "Huy",
    "lowerTen": "huy",
    "sdt": "0939938883",
    "diaChi": "33 âu cơ, phường Nghĩa Đô, Cầu Giấy, Hà Nội"
  },
  "tongTien": 1080000,
  "soLuongSanPham": 8,
  "hinhThucThanhToan": 0,
  "ngayTao": {
    "$date": "2020-06-16T09:57:01.477Z"
  },
  "idUser": "5eddb2c8392cad4a88bc2e74",
  "idVoucher": "undefined"
},{
  "_id": {
    "$oid": "5eecd705ffce8524909b2442"
  },
  "idShow": "ORDER-13BE59",
  "thongTinNguoiMua": {
    "ten": "Huy",
    "lowerTen": "huy",
    "sdt": "0999388837",
    "diaChi": "44 âu cơ, phường Ngọc Định, Định Quán, Đồng Nai"
  },
  "tongTien": 60032700,
  "soLuongSanPham": 3,
  "hinhThucThanhToan": 1,
  "ngayTao": {
    "$date": "2020-06-19T15:16:34.510Z"
  },
  "idUser": "5e9ab836699ae60b147a2822",
  "idVoucher": "undefined"
}]