[{
  "_id": {
    "$oid": "5ee136c0edfb450c54d8c4aa"
  },
  "idOrderDetail": "ORDDE-C653B3",
  "trangThai": 0,
  "ngayThucHien": {
    "$date": "2020-06-10T19:38:40.115Z"
  }
},{
  "_id": {
    "$oid": "5ee136c0edfb450c54d8c4ab"
  },
  "idOrderDetail": "ORDDE-C653B3",
  "trangThai": 1,
  "ngayThucHien": {
    "$date": "2020-06-10T19:39:20.684Z"
  }
},{
  "_id": {
    "$oid": "5ee136c0edfb450c54d8c4ac"
  },
  "idOrderDetail": "ORDDE-C653B3",
  "trangThai": 2,
  "ngayThucHien": ""
},{
  "_id": {
    "$oid": "5ee136c0edfb450c54d8c4ad"
  },
  "idOrderDetail": "ORDDE-C653B3",
  "trangThai": 3,
  "ngayThucHien": ""
},{
  "_id": {
    "$oid": "5ee136c0edfb450c54d8c4ae"
  },
  "idOrderDetail": "ORDDE-C653B3",
  "trangThai": 4,
  "ngayThucHien": {
    "$date": "2020-06-10T20:19:08.999Z"
  }
},{
  "_id": {
    "$oid": "5ee136c0edfb450c54d8c4af"
  },
  "idOrderDetail": "ORDDE-C653B3",
  "trangThai": 5,
  "ngayThucHien": ""
},{
  "_id": {
    "$oid": "5ee137c9f70ae5345cdaf95d"
  },
  "idOrderDetail": "ORDDE-1BAB16",
  "trangThai": 0,
  "ngayThucHien": {
    "$date": "2020-06-10T19:43:05.549Z"
  }
},{
  "_id": {
    "$oid": "5ee137c9f70ae5345cdaf95e"
  },
  "idOrderDetail": "ORDDE-1BAB16",
  "trangThai": 1,
  "ngayThucHien": {
    "$date": "2020-06-10T19:43:23.407Z"
  }
},{
  "_id": {
    "$oid": "5ee137c9f70ae5345cdaf95f"
  },
  "idOrderDetail": "ORDDE-1BAB16",
  "trangThai": 2,
  "ngayThucHien": ""
},{
  "_id": {
    "$oid": "5ee137c9f70ae5345cdaf960"
  },
  "idOrderDetail": "ORDDE-1BAB16",
  "trangThai": 3,
  "ngayThucHien": ""
},{
  "_id": {
    "$oid": "5ee137c9f70ae5345cdaf961"
  },
  "idOrderDetail": "ORDDE-1BAB16",
  "trangThai": 4,
  "ngayThucHien": {
    "$date": "2020-06-10T19:43:30.934Z"
  }
},{
  "_id": {
    "$oid": "5ee137c9f70ae5345cdaf962"
  },
  "idOrderDetail": "ORDDE-1BAB16",
  "trangThai": 5,
  "ngayThucHien": ""
},{
  "_id": {
    "$oid": "5ee896c205fc7b4c382f5a2d"
  },
  "idOrderDetail": "ORDDE-402884",
  "trangThai": 0,
  "ngayThucHien": {
    "$date": "2020-06-16T09:54:10.106Z"
  }
},{
  "_id": {
    "$oid": "5ee896c205fc7b4c382f5a2e"
  },
  "idOrderDetail": "ORDDE-402884",
  "trangThai": 1,
  "ngayThucHien": {
    "$date": "2020-06-16T09:58:04.037Z"
  }
},{
  "_id": {
    "$oid": "5ee896c205fc7b4c382f5a2f"
  },
  "idOrderDetail": "ORDDE-402884",
  "trangThai": 2,
  "ngayThucHien": ""
},{
  "_id": {
    "$oid": "5ee896c205fc7b4c382f5a30"
  },
  "idOrderDetail": "ORDDE-402884",
  "trangThai": 3,
  "ngayThucHien": ""
},{
  "_id": {
    "$oid": "5ee896c205fc7b4c382f5a31"
  },
  "idOrderDetail": "ORDDE-402884",
  "trangThai": 4,
  "ngayThucHien": ""
},{
  "_id": {
    "$oid": "5ee896c205fc7b4c382f5a32"
  },
  "idOrderDetail": "ORDDE-402884",
  "trangThai": 5,
  "ngayThucHien": {
    "$date": "2020-06-16T09:59:16.129Z"
  }
},{
  "_id": {
    "$oid": "5ee8970705fc7b4c382f5a35"
  },
  "idOrderDetail": "ORDDE-9247A1",
  "trangThai": 0,
  "ngayThucHien": {
    "$date": "2020-06-16T09:55:19.029Z"
  }
},{
  "_id": {
    "$oid": "5ee8970705fc7b4c382f5a36"
  },
  "idOrderDetail": "ORDDE-9247A1",
  "trangThai": 1,
  "ngayThucHien": {
    "$date": "2020-06-16T09:58:04.698Z"
  }
},{
  "_id": {
    "$oid": "5ee8970705fc7b4c382f5a37"
  },
  "idOrderDetail": "ORDDE-9247A1",
  "trangThai": 2,
  "ngayThucHien": ""
},{
  "_id": {
    "$oid": "5ee8970705fc7b4c382f5a38"
  },
  "idOrderDetail": "ORDDE-9247A1",
  "trangThai": 3,
  "ngayThucHien": ""
},{
  "_id": {
    "$oid": "5ee8970705fc7b4c382f5a39"
  },
  "idOrderDetail": "ORDDE-9247A1",
  "trangThai": 4,
  "ngayThucHien": ""
},{
  "_id": {
    "$oid": "5ee8970705fc7b4c382f5a3a"
  },
  "idOrderDetail": "ORDDE-9247A1",
  "trangThai": 5,
  "ngayThucHien": ""
},{
  "_id": {
    "$oid": "5ee8977005fc7b4c382f5a3d"
  },
  "idOrderDetail": "ORDDE-5B5C6A",
  "trangThai": 0,
  "ngayThucHien": {
    "$date": "2020-06-16T09:57:04.252Z"
  }
},{
  "_id": {
    "$oid": "5ee8977005fc7b4c382f5a3e"
  },
  "idOrderDetail": "ORDDE-5B5C6A",
  "trangThai": 1,
  "ngayThucHien": {
    "$date": "2020-06-16T09:58:05.175Z"
  }
},{
  "_id": {
    "$oid": "5ee8977005fc7b4c382f5a3f"
  },
  "idOrderDetail": "ORDDE-5B5C6A",
  "trangThai": 2,
  "ngayThucHien": ""
},{
  "_id": {
    "$oid": "5ee8977005fc7b4c382f5a40"
  },
  "idOrderDetail": "ORDDE-5B5C6A",
  "trangThai": 3,
  "ngayThucHien": ""
},{
  "_id": {
    "$oid": "5ee8977005fc7b4c382f5a41"
  },
  "idOrderDetail": "ORDDE-5B5C6A",
  "trangThai": 4,
  "ngayThucHien": ""
},{
  "_id": {
    "$oid": "5ee8977005fc7b4c382f5a42"
  },
  "idOrderDetail": "ORDDE-5B5C6A",
  "trangThai": 5,
  "ngayThucHien": ""
},{
  "_id": {
    "$oid": "5ee8977005fc7b4c382f5a44"
  },
  "idOrderDetail": "ORDDE-E5D4DA",
  "trangThai": 0,
  "ngayThucHien": {
    "$date": "2020-06-16T09:57:04.284Z"
  }
},{
  "_id": {
    "$oid": "5ee8977005fc7b4c382f5a45"
  },
  "idOrderDetail": "ORDDE-E5D4DA",
  "trangThai": 1,
  "ngayThucHien": {
    "$date": "2020-06-16T09:58:05.498Z"
  }
},{
  "_id": {
    "$oid": "5ee8977005fc7b4c382f5a46"
  },
  "idOrderDetail": "ORDDE-E5D4DA",
  "trangThai": 2,
  "ngayThucHien": ""
},{
  "_id": {
    "$oid": "5ee8977005fc7b4c382f5a47"
  },
  "idOrderDetail": "ORDDE-E5D4DA",
  "trangThai": 3,
  "ngayThucHien": ""
},{
  "_id": {
    "$oid": "5ee8977005fc7b4c382f5a48"
  },
  "idOrderDetail": "ORDDE-E5D4DA",
  "trangThai": 4,
  "ngayThucHien": ""
},{
  "_id": {
    "$oid": "5ee8977005fc7b4c382f5a49"
  },
  "idOrderDetail": "ORDDE-E5D4DA",
  "trangThai": 5,
  "ngayThucHien": ""
},{
  "_id": {
    "$oid": "5eecd706ffce8524909b2443"
  },
  "idOrderDetail": "ORDDE-09E8B0",
  "trangThai": 0,
  "ngayThucHien": {
    "$date": "2020-06-19T15:17:26.460Z"
  }
},{
  "_id": {
    "$oid": "5eecd706ffce8524909b2444"
  },
  "idOrderDetail": "ORDDE-09E8B0",
  "trangThai": 1,
  "ngayThucHien": ""
},{
  "_id": {
    "$oid": "5eecd706ffce8524909b2445"
  },
  "idOrderDetail": "ORDDE-09E8B0",
  "trangThai": 2,
  "ngayThucHien": ""
},{
  "_id": {
    "$oid": "5eecd706ffce8524909b2446"
  },
  "idOrderDetail": "ORDDE-09E8B0",
  "trangThai": 3,
  "ngayThucHien": ""
},{
  "_id": {
    "$oid": "5eecd706ffce8524909b2447"
  },
  "idOrderDetail": "ORDDE-09E8B0",
  "trangThai": 4,
  "ngayThucHien": ""
},{
  "_id": {
    "$oid": "5eecd706ffce8524909b2448"
  },
  "idOrderDetail": "ORDDE-09E8B0",
  "trangThai": 5,
  "ngayThucHien": ""
}]