[{
  "_id": {
    "$oid": "5ea5ed9ca71e06540806cb93"
  },
  "idShow": "VOUCH-MNBCGH",
  "idLower": "vouch-mnbcgh",
  "ten": "Mừng TiemDo có 1 triệu người sử dụng",
  "loaiGiamGia": 1,
  "giaTriGiam": 30,
  "ngayBatDau": {
    "$date": "2020-04-24T17:00:00Z"
  },
  "ngayKetThuc": {
    "$date": "2020-05-09T17:00:00Z"
  },
  "ngayTao": {
    "$date": "2020-04-21T17:00:00Z"
  },
  "isLock": false
},{
  "_id": {
    "$oid": "5ec8cda2e81ad64458c2812e"
  },
  "idShow": "VOUCH-HAHAHA",
  "idLower": "vouch-hahaha",
  "ten": "Mừng TiemDo đạt 2 triệu người dùng",
  "loaiGiamGia": 1,
  "giaTriGiam": 20,
  "ngayBatDau": {
    "$date": "2020-05-19T17:00:00Z"
  },
  "ngayKetThuc": {
    "$date": "2020-05-30T17:00:00Z"
  },
  "ngayTao": {
    "$date": "2020-04-28T17:00:00Z"
  },
  "isLock": false
},{
  "_id": {
    "$oid": "5ee707ab19df687cec6aa3e5"
  },
  "idShow": "SUMMER-2020",
  "idLower": "summer-2020",
  "ten": "Hè 2020",
  "loaiGiamGia": 1,
  "giaTriGiam": 20,
  "ngayBatDau": "2020-06-16T05:30:52.810Z",
  "ngayKetThuc": "2020-07-16T05:30:53.523Z",
  "ngayTao": {
    "$date": "2020-06-15T05:31:23.128Z"
  },
  "isLock": false
},{
  "_id": {
    "$oid": "5ee708e5ef8da072c02285aa"
  },
  "idShow": "HELLO-2020",
  "idLower": "hello-2020",
  "ten": "Chào mừng người dùng mới 2020",
  "loaiGiamGia": 0,
  "giaTriGiam": 100000,
  "ngayBatDau": "2020-06-16T05:36:34.386Z",
  "ngayKetThuc": "2020-07-18T05:36:35.836Z",
  "ngayTao": {
    "$date": "2020-06-15T05:36:37.250Z"
  },
  "isLock": false
}]